id,name
280,Wrangler Regular Stretch Jeans - Navy
295,Wrangler Regular Stretch Jeans - Camel
310,Wrangler Regular Stretch Jeans - Stonewash
325,Wrangler Regular Stretch Jeans - Darkstone
340,Wrangler Regular Stretch Jeans - Black
355,Wrangler Regular Stretch Jeans - Rinsewash
370,Lee Slim Fit Jeans - Lenny
385,Lee Slim Chino Trousers - Taupe
400,Lee Slim Chino Trousers - Navy
415,Lee Slim Chino Trousers - Dark Grey
430,Lee Slim Fit Jeans - Rinse
445,Lee Slim Fit Jeans - Aristocrat
460,Lee Regular Straight Fit Jeans - Black
475,Lee Regular Straight Fit Jeans - Cougar
490,Lee Regular Straight Fit Jeans - Trip
505,Lee Regular Straight Fit Jeans - Maddox
520,Columbia Triple Canyon Trousers - Black
535,Wrangler Texas Regular Jeans - Darkstone
550,Wrangler Texas Stretch Regular Jeans - Worn Broke
565,Wrangler Texas Stretch Regular Jeans - Blue Black
580,Wrangler Texas Regular Jeans - Blue Black
595,Wrangler Texas Stretch Regular Jeans - Like a Champ
610,Wrangler Texas Stretch Regular Jeans - Comfort Zone
625,Wrangler Texas Stretch Regular Jeans - Darkstone
640,Wrangler Texas Stretch Regular Jeans - Black Overdye
655,Wrangler Texas Stretch Regular Jeans - Stonewash
670,Wrangler Texas Stretch Regular Jeans - Vintage Tint
685,Wrangler Texas Regular Jeans - Stonewash
700,Wrangler Texas Slim High Stretch Jeans - Black Valley
715,Wrangler Texas Slim Low Stretch Jeans - Game On
730,Wrangler Texas Slim Medium Stretch Jeans - Dark Rinse
745,Wrangler Larston Slim Tapered Medium Stretch Jeans - Dark Rinse
760,Dockers Alpha Original Skinny Khakis - New British Khaki
775,Dockers Alpha Original Skinny Khakis - Burma Grey
790,Dockers Alpha Original Slim Tapered Khakis - Pembroke
805,Dockers Alpha Original Slim Tapered Khakis - New British Khaki
820,Dockers Alpha Original Slim Tapered Khakis - Olive
835,Dockers Alpha Original Slim Tapered Khakis - Safari Beige
850,Dockers Alpha Original Slim Tapered Khakis - Black
865,Dockers Alpha Original Slim Tapered Khakis - Dark Pebble
880,Dickies 873 Slim Straight Fit Work Trousers - Charcoal Grey
894,Dickies 874 Original Work Trousers - Black
908,Dickies 873 Slim Straight Fit Work Trousers - Black
922,Dickies 872 Slim Fit Work Trousers - Black
936,Guess Angel Duks Slim Fit Denim Jeans - Dukes
951,Dickies Fairdale Twill Trousers - Black
966,Wrangler Greensboro Regular Straight Fit Low Stretch Jeans - Darkstone
981,Wrangler Greensboro Regular Straight Fit Low Stretch Jeans - Black Valley
996,Wrangler Larston Slim Tapered Low Stretch Jeans - Black Valley
1011,Lee Brooklyn Straight Jeans - Dark Stone
1026,Lee Luke Slim Tapered Low Stretch Jeans - Rinse
1041,Wrangler Arizona Straight Leg Slight Stretch Jeans - Black Valley
1056,Wrangler Texas Slim Medium Stretch Jeans - Lucky Star
1070,Wrangler Arizona Straight Leg Slight Stretch Jeans - Burnt Blue
1085,Lee Luke Slim Tapered Low Stretch Jeans - Clean Black
1100,Dockers Smart 360 Flex Alpha Skinny Fit Khakis - Pembroke
1115,Wrangler Bryson Skinny Jeans - Game On
1130,Levi's 501 Regular Fit Jeans - Onewash
1145,Dockers Smart 360 Flex Alpha Skinny Fit Khakis - Black
1160,Lee Malone Skinny Jeans - Black Rinse
1175,Wrangler Bryson Skinny Jeans - Blackopedia
1190,Levi's 501 Regular Fit Jeans - Stonewash
1205,Wrangler Greensboro Regular Straight Fit Medium Stretch Jeans - Bright Stroke
1220,Lee Brooklyn Straight Jeans - Mid Stonewash
1235,Lee Brooklyn Straight Jeans - Blue Black
1250,Lee Brooklyn Straight Jeans - Rinse
1265,Levi's 501 Regular Fit Jeans - Black
1280,Levi's 501 Regular Fit Jeans - Marlon
1295,Wrangler Larston Slim Tapered Medium Stretch Jeans - Blue Fever
1310,Wrangler Larston Slim Tapered Low Stretch Jeans - Blue Fire
1325,Lee Brooklyn Straight Jeans - Clean Black
1340,Levi's 514 Straight Jeans - Stonewash Stretch
1355,Levi's 514 Straight Jeans - Chain Rinse
1370,Lee Malone Skinny Jeans - Blue Drop
1385,Lee Luke Slim Tapered Low Stretch Jeans - Fresh
1400,Wrangler Greensboro Regular Straight Fit Low Stretch Jeans - El Camino
1415,Lee Luke Slim Tapered Low Stretch Jeans - True Authentic
1430,Diesel Larkee Regular Jeans - Dark Blue (009HF)
1445,Diesel Larkee Regular Jeans - Black (0688H)
1460,Diesel Waykee Regular Fit Stretch Jeans - Dark Blue (0814W)
1475,Diesel D-Luster Slim Jeans â€“ Dark Blue (009NN)
1490,Levi's 512 Slim Tapered Jeans - Pelican Rust
1505,Levi's 502 Regular Tapered Jeans - Wagyu Moss
1520,Levi's 502 Regular Tapered Jeans - Now And Never
1535,Diesel D-Fining Tapered Jeans - Black (0688H)
1550,Diesel Sleenker Skinny Jeans - Black (069EI)
1565,Levi's 502 Regular Tapered Jeans - Moto Cross
1580,Levi's 511 Slim Jeans - Poncho
1595,Levi's 502 Regular Tapered Jeans - Rock Cod
1610,Levi's 512 Slim Tapered Jeans - Rock Cod
1625,Levi's 502 Regular Tapered Jeans - Nightshine
1640,Levi's 511 Slim Jeans - Rock Cod
1655,Levi's 512 Slim Tapered Jeans - Nightshine
1670,Diesel Larkee Regular Jeans - Medium Blue (009EI)
1685,Levi's 511 Slim Jeans - Fennel Subtle
1699,Levi's 512 Slim Tapered Jeans - Whoop
1713,Diesel Zatiny Regular Bootcut Jeans - Dark Blue (009HN)
1728,Diesel Zatiny Regular Bootcut Jeans - Medium Blue (009EI)
1743,Diesel Larkee Regular Jeans - Dark Blue (009HN)
1758,Diesel D-Fining Tapered Jeans - Dark Blue (009HF)
